장소명,지역,유형,실내외,분위기,촬영목적,추천시간,메모,확인사항,상업촬영,공식링크
서울시립 서서울미술관,서울 금천구,뉴미디어 미술관·반사 금속 건축,실내·외,미래적·메탈릭·미니멀·도시적,패션 화보·아이돌 콘셉트·아티스트 프로필·광고 사전답사,오전 개관 직후 / 해질녘 외관,물결치는 은빛 외관과 지하·지상 공간의 대비를 활용하는 신규 건축 에디토리얼 후보.,"건축 외관·옥상정원·로비별 상업촬영 가능 여부, 촬영 장비 반입, 전시작품 노출, 삼각대·조명 사용을 시설 담당자에게 확인.",상업촬영 조건 미확인,https://sema.seoul.go.kr/kr/visit/seoseoul
서울시립 사진미술관,서울 도봉구,사진 전문 미술관·조형적 큐브 건축,실내·외,미니멀·모노크롬·실험적·현대적,패션 화보·뷰티 프로필·포토 콘셉트·아티스트 이미지,평일 개관 직후 / 외관은 흐린 날,사진 매체를 주제로 한 비틀린 큐브형 건축과 10m 로비가 만드는 스케일 대비를 활용하는 후보.,건축 외관과 공개 로비 중심으로 촬영 가능 범위 확인. 전시실·아카이브는 별도 승인을 전제로 하며 촬영 허가가 확인되기 전에는 사전답사만 진행.,상업촬영 조건 미확인,https://sema.seoul.go.kr/kr/visit/photosema
마곡문화관(옛 양천수리조합 배수펌프장),서울 강서구,근대 산업유산·목조 펌프장·수변,실내·외,빈티지·농촌기억·고독·텍스처,패션 화보·뮤직비디오·서정적 인물·브랜드 스토리,오전 개관 시간대 / 흐린 날 외관,"1928년 배수펌프장의 목조 상부와 콘크리트 기단, 수변 산책로를 묶어 근대 산업유산 콘셉트를 구성.","문화유산·전시시설 내부 촬영, 상업촬영, 삼각대·조명 사용, 예약 가능 구역을 서울식물원 운영처에 확인.",상업촬영 조건 미확인,https://botanicpark.seoul.go.kr/
평화문화진지,서울 도봉구,옛 대전차방호시설 재생·콘크리트·문화창작공간,실내·외,브루탈리즘·군사유산·거칠고 미래적·실험적,하이패션·록/힙합 아티스트·뮤직비디오·그룹 화보,오전 / 흐린 날 / 폐관 전 외부,"옛 대전차방호시설의 콘크리트 구조와 재생 문화공간, 평화광장을 결합한 강한 산업적 로케이션 후보.","문화공간 대관 신청, 내부 심의 및 허가 필요. 영상스튜디오·전시실·평화광장별 사용 가능 일정과 비용을 문의.",대관 및 상업촬영 조건 확인 필요,https://www.dbfac.or.kr/front/cultureplace/culturebunker.do
국립항공박물관,서울 강서구,항공산업 전시·유리 금속 아트리움,실내·외,미래적·테크웨어·스케일·기계적,아티스트 프로필·테크웨어 패션·콘셉트 화보·뮤직비디오 사전답사,평일 개관 직후,유리와 금속 아트리움에 실제 항공기가 매달린 스케일이 강한 실내 콘셉트 후보.,전시 관람 중 촬영 가능 여부와 상업촬영·플래시·삼각대·장비반입 조건을 별도 문의. 항공기 및 전시 자료를 배경에 넣는 경우 권리·보안 조건 확인.,상업촬영 조건 미확인,https://www.aviation.or.kr/
경기상상캠퍼스,경기 수원,옛 농생대 캠퍼스·벽돌 건축·숲길,실내·외,레트로·자연·청춘·에디토리얼,패션 화보·밴드 프로필·라이프스타일·영상 스틸,오전 숲길 / 오후 벽돌 건물,옛 서울대 농생대 캠퍼스의 벽돌 건물과 숲길이 맞닿아 레트로 캠퍼스·청춘 서사를 만들기 좋은 후보.,야외 구역은 일반 이용이 가능하나 상업 화보·단체 촬영·조명 설치·실내 사용은 사전 협의. 공간 대관은 공식 예약 절차 확인.,상업촬영 조건 확인 필요,https://sscampus.ggcf.kr/pages/guide
안양예술공원(APAP 공공예술 구역),경기 안양,숲속 공공예술·조형 건축·계곡 공원,실외,예술적·실험적·자연·초현실,컨셉 화보·아이돌 콘셉트·아티스트 프로필·룩북,평일 오전 / 계절감 있는 오후,숲·계곡·공공예술 작품이 한 코스로 연결되어 장소 이동만으로 서로 다른 시각 언어를 얻을 수 있는 후보.,"촬영하려는 작품별 위치와 접근 동선을 확인하고, 상업촬영 허가 및 작품 저작권·작품 위 접근 제한을 안양시/관리 주체에 문의.",상업촬영 조건 확인 필요,https://www.anyang.go.kr/tour/contents.do?key=1868
광명동굴,경기 광명,폐광 재생·지하 암반·조명 설치 공간,실내,초현실·어둡고 극적·미래적·컬러풀,뮤직비디오 콘셉트·판타지 화보·록 아티스트·광고,평일 개장 직후 / 비 오는 날 실내 후보,천연 암반과 인공 조명이 혼재한 지하 공간으로 현실감이 다른 극적 장면을 만들 수 있는 후보.,"관람 구역별 상업촬영 가능 여부, 플래시·삼각대·조명 사용과 인원·장비 규모, 전시 운영 중 촬영 조건을 담당처에 확인.",상업촬영 조건 미확인,https://gm.go.kr/cv/gc/CVGC_14000.jsp
시흥갯골생태공원,경기 시흥,옛 염전·갯골·생태 데크·평지 풍경,실외,미니멀·바람·서정·와이드 스케일,패션 화보·뮤직비디오 외경·라이프스타일·앨범 커버,일출 후 / 해질녘 / 바람 약한 날,"옛 염전의 직선 수면과 갯골 지형, 탁 트인 하늘이 만드는 여백을 활용한 야외 에디토리얼 후보.","상업촬영·팀 단위 촬영 및 장비 사용 조건, 생태 보호 구역, 염전·데크 출입제한을 시흥시 관리처에 문의.",상업촬영 조건 미확인,https://access.visitkorea.or.kr/cos/detail.do?cotId=6c0e7e10-d251-48c1-bba9-f837bc6f47a5
부평 캠프마켓 개방공간 B구역,인천 부평구,옛 미군기지 부지·잔디 광장·역사 공간,실외,산업적·군사유산·그린 필드·도시 재생,패션 화보·뮤직비디오 외경·단체 프로필,평일 오전 / 허가된 사용시간 내,옛 군부대 부지의 역사성과 개방 잔디광장을 활용할 수 있지만 실제 개방 구역과 사용 허가를 구분해야 하는 후보.,인천시 공개 안내상 B구역 개방공간 사용 신청이 필요하며 신청 시점은 사용일 60~10일 전. 상업 화보가 허가 대상에 해당하는지 반드시 담당처 확인.,공간 사용 허가 및 상업촬영 적용 여부 확인 필요,https://www.incheon.go.kr/campmarket/CA070101
헤이리시네마,경기 파주,독립영화관·블랙박스 객석·스크린,실내,시네마틱·아날로그·어둡고 극적·인디,가수 프로필·밴드 화보·뮤직비디오 스틸·인터뷰 포트레이트,촬영 대관 시간대에 맞춤,"관객석과 스크린, 극장 특유의 어둠을 온전히 제어할 수 있는 실내 촬영 대관 후보.",공식 홈페이지에 촬영 대관 1시간 20만원(VAT 포함) 안내가 있으나 촬영 내용·날짜·추가비용·조명·음향 조건을 예약 시 재확인.,촬영 대관 가능(일정·내용은 승인 및 협의),https://hcine.kr/about
현대 모터스튜디오 고양,경기 고양,자동차 전시·금속 조형·대형 아트리움,실내·외,테크놀로지·럭셔리·산업적·미래적,테크웨어·럭셔리 패션·남성 화보·자동차/모빌리티 광고,평일 개관 직후,"다층 아트리움과 금속 계단, 유리·자동차 전시가 구성하는 럭셔리 산업 공간 후보.",일반 방문은 사전 예약제로 운영된다는 안내가 있음. 상업 촬영·자동차/브랜드 노출·조명·장비 반입·공간 독점은 별도 문의.,상업촬영 조건 미확인,https://motorstudio.hyundai.com/goyang/ln/main.do?strgCd=01
